Workbook

Sheet LIMPIEZA (ENE,MAY,SEP)
A1: PROTOCOLO LIMPIEZA | B1: Comentario
A2: Cabina Interna
A3: Paneles, Frisos y Piso
A4: Integridad de los paneles, Frisos y piso
A5: Espejo y Barandilla de Protección
A6: Compruebe la fijación del guarda corpo
A7: Compruebe la integridad de el guarda corpo
A8: Subtecho y Ventilador
A9: Integridad del sub-techo
A10: Limpieza del sub-techo
A11: Prueba el funcionamento del ventilador
A12: Verifique la limpieza del ventilador
A13: Piso
... A48: Limpieza de piso del foso

Sheet SEGURIDAD I (FEB)
A1: PROTOCOLO SEGURIDAD
A2: Piso
A3: Panel luminoso
A4: Compruebe el sonido de identificación de carga y descarga
A5: Comprobar la iluminación del dispositivo de señalización
A6: Comprobar la integridad del dispositivo de señalización
A7: Maquinario y Comando
A8: Pesador de carga
A9: Comprobar la integridad y la fijación del pesador de carga
A10: Inspeccionar el sensor y el imán de pesaje
A11: Inspeccionar el estado del cableado del pesador de carga
A12: Cabina Superior
... A81: LCP - Medida de la distancia del amortiguador hasta la placa de contrapeso

Sheet PUERTA (MAR, JUL, NOV)
A1: PROTOCOLO PUERTA
A2: Piso
A3: Puerta de Piso
A4: Verificar holguras de ajuste de las hojas del Puertas AC y AL
A5: Nivelación de Piso
A6: Verificar el nivelamiento
A7: Pisaderas y Rozaderas de Puerta
A8: Inspeccione las Pizaderas y Corredizas de Puerta
A9: Cabina Superior
A10: Espadín Articulado del Operador de Puerta
A11: Mida la abertura de la rampa articulada
A12: Inspeccione la integridad de la rampa articulada
... A46: Inspeccionar el ajuste entre el rodillo de la rótula y el soporte de apoyo del acoplamiento en el piso

Sheet COMANDO (ABR,OCT)
A1: PROTOCOLO COMANDO
A2: Cabina Interna
A3: Panel de Operación
A4: Integridad del Panel de Operación
A5: Botones y Indicadores del Panel de Operación
A6: Integridad de los botones
A7: Preuba el funcionamiento de lá botonera de cabina
A8: Preuba el fijación de lá botonera de cabina
A9: Limpieza de la botonera de cabina
A10: Comando de Cabina y Banqueta
A11: Inspeccionar si el interruptor apaga el equipo cuando se activa;
A12: Alarma y Intercomunicador
... A86: Comprobar la integridad de los artículos superiores de la cabina

Sheet MAQUINARIA (JUN,DEC)
A1: PROTOCOLO MAQUINARIA
A2: Piso
A3: Panel luminoso
A4: Comprobar que el indicador de posición está fijo y funciona, y que las flechas de dirección funcionan.
A5: Inspeccionar lo aliñamiento de las botoneras y de los indicadores
A6: Inspeccione las Pizaderas y Corredizas de Puerta
A7: Maquinario y Comando
A8: Placa de Suspensión de la Sala de Máquinas
A9: Revise e inspeccione la integridad y fijación de la placa de suspensión
A10: Contacto BK y CPF del Freno
A11: Compruebe el funcionamiento de los contactos de freno (BK y CPF)
A12: Prueba de Deslizamiento del Freno
... A52: Rodos de Cabina y contrapeso

Sheet SEGURIDAD II (AGO)
A1: PROTOCOLO SEGURIDAD II
A2: Piso
A3: Maquinario y Comando
A4: Protección de la Polea del Limitador de Velocidad
A5: Compruebe la protección de la polea del limitador
A6: Canal de Polea del Limitador de Velocidad
A7: Verifique la integridad de los canales de la polea
A8: Sellos de Seguridad del Limitador de Velocidad
A9: Inspecione el sello de seguridad del limitador de velocidad
A10: Cable de Acero del Limitador de Velocidad
A11: Comprueba la integridade del cable de acero de la polea del limitador
A12: Prueba del Gobernador de Velocidad
... A95: LCP - Medida de la distancia del amortiguador hasta la placa de contrapeso

Sheet Planilha1
H3: Limpieza | I3: Seguridad 1 | J3: Puerta | K3: Comando | L3: Maquinaria | M3: Seguridad 2 | N3: soma
F4: Panel de Operación | G4: Painel de Operação | H4: =COUNTIF('LIMPIEZA (ENE,MAY,SEP)'!$A$2:$A$49,Planilha1!F4) -> 0 | I4: =COUNTIF('SEGURIDAD I (FEB)'!$A$1:$A$81,Planilha1!F4) -> 0 | J4: =COUNTIF('PUERTA (MAR, JUL, NOV)'!$A$1:$A$47,Planilha1!F4) -> 0 | K4: =COUNTIF('COMANDO (ABR,OCT)'!$A$1:$A$87,Planilha1!F4) -> 1 | L4: =COUNTIF('MAQUINARIA (JUN,DEC)'!$A$1:$A$52,Planilha1!F4) -> 0 | M4: =COUNTIF('SEGURIDAD II (AGO)'!$A$1:$A$95,Planilha1!F4) -> 0 | N4: =SUM(H4:M4) -> 1
F5: Botones y Indicadores del Panel de Operación | G5: Botões, Indicadores e Display do Painel de Operação | H5: =COUNTIF('LIMPIEZA (ENE,MAY,SEP)'!$A$2:$A$49,Planilha1!F5) -> 0 | I5: =COUNTIF('SEGURIDAD I (FEB)'!$A$1:$A$81,Planilha1!F5) -> 0 | J5: =COUNTIF('PUERTA (MAR, JUL, NOV)'!$A$1:$A$47,Planilha1!F5) -> 0 | K5: =COUNTIF('COMANDO (ABR,OCT)'!$A$1:$A$87,Planilha1!F5) -> 1 | L5: =COUNTIF('MAQUINARIA (JUN,DEC)'!$A$1:$A$52,Planilha1!F5) -> 0 | M5: =COUNTIF('SEGURIDAD II (AGO)'!$A$1:$A$95,Planilha1!F5) -> 0 | N5: =SUM(H5:M5) -> 1
F6: Comando de Cabina y Banqueta | G6: Comando Cabineiro e Banqueta | H6: =COUNTIF('LIMPIEZA (ENE,MAY,SEP)'!$A$2:$A$49,Planilha1!F6) -> 0 | I6: =COUNTIF('SEGURIDAD I (FEB)'!$A$1:$A$81,Planilha1!F6) -> 0 | J6: =COUNTIF('PUERTA (MAR, JUL, NOV)'!$A$1:$A$47,Planilha1!F6) -> 0 | K6: =COUNTIF('COMANDO (ABR,OCT)'!$A$1:$A$87,Planilha1!F6) -> 1 | L6: =COUNTIF('MAQUINARIA (JUN,DEC)'!$A$1:$A$52,Planilha1!F6) -> 0 | M6: =COUNTIF('SEGURIDAD II (AGO)'!$A$1:$A$95,Planilha1!F6) -> 0 | N6: =SUM(H6:M6) -> 1
F7: Alarma y Intercomunicador | G7: Alarme e Intercomunicador | H7: =COUNTIF('LIMPIEZA (ENE,MAY,SEP)'!$A$2:$A$49,Planilha1!F7) -> 0 | I7: =COUNTIF('SEGURIDAD I (FEB)'!$A$1:$A$81,Planilha1!F7) -> 0 | J7: =COUNTIF('PUERTA (MAR, JUL, NOV)'!$A$1:$A$47,Planilha1!F7) -> 0 | K7: =COUNTIF('COMANDO (ABR,OCT)'!$A$1:$A$87,Planilha1!F7) -> 1 | L7: =COUNTIF('MAQUINARIA (JUN,DEC)'!$A$1:$A$52,Planilha1!F7) -> 0 | M7: =COUNTIF('SEGURIDAD II (AGO)'!$A$1:$A$95,Planilha1!F7) -> 0 | N7: =SUM(H7:M7) -> 1
F8: Señal de Capacidad, Avisos y Licencia Municipal | G8: Placa Capacidade, Avisos, Licença Municipal e Placa ABNT | H8: =COUNTIF('LIMPIEZA (ENE,MAY,SEP)'!$A$2:$A$49,Planilha1!F8) -> 0 | I8: =COUNTIF('SEGURIDAD I (FEB)'!$A$1:$A$81,Planilha1!F8) -> 0 | J8: =COUNTIF('PUERTA (MAR, JUL, NOV)'!$A$1:$A$47,Planilha1!F8) -> 0 | K8: =COUNTIF('COMANDO (ABR,OCT)'!$A$1:$A$87,Planilha1!F8) -> 1 | L8: =COUNTIF('MAQUINARIA (JUN,DEC)'!$A$1:$A$52,Planilha1!F8) -> 0 | M8: =COUNTIF('SEGURIDAD II (AGO)'!$A$1:$A$95,Planilha1!F8) -> 0 | N8: =SUM(H8:M8) -> 1
F9: Iluminación Principal y de Emergencia de la Cabina | G9: Iluminação Principal e de Emergência da Cabina | H9: =COUNTIF('LIMPIEZA (ENE,MAY,SEP)'!$A$2:$A$49,Planilha1!F9) -> 0 | I9: =COUNTIF('SEGURIDAD I (FEB)'!$A$1:$A$81,Planilha1!F9) -> 0 | J9: =COUNTIF('PUERTA (MAR, JUL, NOV)'!$A$1:$A$47,Planilha1!F9) -> 0 | K9: =COUNTIF('COMANDO (ABR,OCT)'!$A$1:$A$87,Planilha1!F9) -> 1 | L9: =COUNTIF('MAQUINARIA (JUN,DEC)'!$A$1:$A$52,Planilha1!F9) -> 0 | M9: =COUNTIF('SEGURIDAD II (AGO)'!$A$1:$A$95,Planilha1!F9) -> 0 | N9: =SUM(H9:M9) -> 1
F10: Barrera de Seguridad | G10: Régua de Segurança | H10: =COUNTIF('LIMPIEZA (ENE,MAY,SEP)'!$A$2:$A$49,Planilha1!F10) -> 0 | I10: =COUNTIF('SEGURIDAD I (FEB)'!$A$1:$A$81,Planilha1!F10) -> 0 | J10: =COUNTIF('PUERTA (MAR, JUL, NOV)'!$A$1:$A$47,Planilha1!F10) -> 0 | K10: =COUNTIF('COMANDO (ABR,OCT)'!$A$1:$A$87,Planilha1!F10) -> 1 | L10: =COUNTIF('MAQUINARIA (JUN,DEC)'!$A$1:$A$52,Planilha1!F10) -> 0 | M10: =COUNTIF('SEGURIDAD II (AGO)'!$A$1:$A$95,Planilha1!F10) -> 0 | N10: =SUM(H10:M10) -> 1
F11: Puertas y Rozaderas de Cabina | G11: Portas e Corrediças de Cabina | H11: =COUNTIF('LIMPIEZA (ENE,MAY,SEP)'!$A$2:$A$49,Planilha1!F11) -> 0 | I11: =COUNTIF('SEGURIDAD I (FEB)'!$A$1:$A$81,Planilha1!F11) -> 0 | J11: =COUNTIF('PUERTA (MAR, JUL, NOV)'!$A$1:$A$47,Planilha1!F11) -> 0 | K11: =COUNTIF('COMANDO (ABR,OCT)'!$A$1:$A$87,Planilha1!F11) -> 1 | L11: =COUNTIF('MAQUINARIA (JUN,DEC)'!$A$1:$A$52,Planilha1!F11) -> 0 | M11: =COUNTIF('SEGURIDAD II (AGO)'!$A$1:$A$95,Planilha1!F11) -> 0 | N11: =SUM(H11:M11) -> 1
F12: Paneles, Frisos y Piso | G12: Painéis, Frisos e Piso | H12: =COUNTIF('LIMPIEZA (ENE,MAY,SEP)'!$A$2:$A$49,Planilha1!F12) -> 1 | I12: =COUNTIF('SEGURIDAD I (FEB)'!$A$1:$A$81,Planilha1!F12) -> 0 | J12: =COUNTIF('PUERTA (MAR, JUL, NOV)'!$A$1:$A$47,Planilha1!F12) -> 0 | K12: =COUNTIF('COMANDO (ABR,OCT)'!$A$1:$A$87,Planilha1!F12) -> 0 | L12: =COUNTIF('MAQUINARIA (JUN,DEC)'!$A$1:$A$52,Planilha1!F12) -> 0 | M12: =COUNTIF('SEGURIDAD II (AGO)'!$A$1:$A$95,Planilha1!F12) -> 0 | N12: =SUM(H12:M12) -> 1
F13: Espejo y Barandilla de Protección | G13: Espelho e Guarda-Corpo | H13: =COUNTIF('LIMPIEZA (ENE,MAY,SEP)'!$A$2:$A$49,Planilha1!F13) -> 1 | I13: =COUNTIF('SEGURIDAD I (FEB)'!$A$1:$A$81,Planilha1!F13) -> 0 | J13: =COUNTIF('PUERTA (MAR, JUL, NOV)'!$A$1:$A$47,Planilha1!F13) -> 0 | K13: =COUNTIF('COMANDO (ABR,OCT)'!$A$1:$A$87,Planilha1!F13) -> 0 | L13: =COUNTIF('MAQUINARIA (JUN,DEC)'!$A$1:$A$52,Planilha1!F13) -> 0 | M13: =COUNTIF('SEGURIDAD II (AGO)'!$A$1:$A$95,Planilha1!F13) -> 0 | N13: =SUM(H13:M13) -> 1
F14: Subtecho y Ventilador | G14: Subteto e Ventilador | H14: =COUNTIF('LIMPIEZA (ENE,MAY,SEP)'!$A$2:$A$49,Planilha1!F14) -> 1 | I14: =COUNTIF('SEGURIDAD I (FEB)'!$A$1:$A$81,Planilha1!F14) -> 0 | J14: =COUNTIF('PUERTA (MAR, JUL, NOV)'!$A$1:$A$47,Planilha1!F14) -> 0 | K14: =COUNTIF('COMANDO (ABR,OCT)'!$A$1:$A$87,Planilha1!F14) -> 0 | L14: =COUNTIF('MAQUINARIA (JUN,DEC)'!$A$1:$A$52,Planilha1!F14) -> 0 | M14: =COUNTIF('SEGURIDAD II (AGO)'!$A$1:$A$95,Planilha1!F14) -> 0 | N14: =SUM(H14:M14) -> 1
F15: Botoneras de Piso | G15: Botoeiras de Pavimento | H15: =COUNTIF('LIMPIEZA (ENE,MAY,SEP)'!$A$2:$A$49,Planilha1!F15) -> 0 | I15: =COUNTIF('SEGURIDAD I (FEB)'!$A$1:$A$81,Planilha1!F15) -> 0 | J15: =COUNTIF('PUERTA (MAR, JUL, NOV)'!$A$1:$A$47,Planilha1!F15) -> 0 | K15: =COUNTIF('COMANDO (ABR,OCT)'!$A$1:$A$87,Planilha1!F15) -> 1 | L15: =COUNTIF('MAQUINARIA (JUN,DEC)'!$A$1:$A$52,Planilha1!F15) -> 0 | M15: =COUNTIF('SEGURIDAD II (AGO)'!$A$1:$A$95,Planilha1!F15) -> 0 | N15: =SUM(H15:M15) -> 1
... F132: Manguera Hidráulica | G132: Mangueira Hidráulica | H132: =COUNTIF('LIMPIEZA (ENE,MAY,SEP)'!$A$2:$A$49,Planilha1!F132) -> 0 | I132: =COUNTIF('SEGURIDAD I (FEB)'!$A$1:$A$81,Planilha1!F132) -> 0 | J132: =COUNTIF('PUERTA (MAR, JUL, NOV)'!$A$1:$A$47,Planilha1!F132) -> 0 | K132: =COUNTIF('COMANDO (ABR,OCT)'!$A$1:$A$87,Planilha1!F132) -> 0 | L132: =COUNTIF('MAQUINARIA (JUN,DEC)'!$A$1:$A$52,Planilha1!F132) -> 0 | M132: =COUNTIF('SEGURIDAD II (AGO)'!$A$1:$A$95,Planilha1!F132) -> 0 | N132: =SUM(H132:M132) -> 0
